id,Node_1,Node_2,label
"(0, 17794829)",ego car,car_6083,near_coll
"(0, 17794829)",car_6083,ego car,near_coll
"(0, 17794831)",ego car,car_6083,near_coll
"(0, 17794831)",car_6083,ego car,near_coll
"(0, 17794833)",ego car,car_6083,near_coll
"(0, 17794833)",car_6083,ego car,near_coll
"(0, 17794838)",ego car,car_6083,near_coll
"(0, 17794838)",car_6083,ego car,near_coll
"(0, 17794839)",ego car,car_6083,near_coll
"(0, 17794839)",car_6083,ego car,near_coll
"(0, 17794842)",ego car,car_6083,near_coll
"(0, 17794842)",car_6083,ego car,near_coll
"(0, 17794845)",ego car,car_6083,near_coll
"(0, 17794845)",car_6083,ego car,near_coll
"(0, 17794846)",ego car,car_6083,near_coll
"(0, 17794846)",car_6083,ego car,near_coll
"(0, 17794847)",ego car,car_6083,near_coll
"(0, 17794847)",car_6083,ego car,near_coll
"(0, 17794848)",ego car,car_6083,near_coll
"(0, 17794848)",car_6083,ego car,near_coll
"(0, 17794850)",ego car,car_6083,near_coll
"(0, 17794850)",car_6083,ego car,near_coll
"(0, 17794853)",ego car,car_6083,near_coll
"(0, 17794853)",car_6083,ego car,near_coll
"(0, 17794854)",ego car,car_6083,near_coll
"(0, 17794854)",car_6083,ego car,near_coll
"(0, 17794855)",ego car,car_6083,near_coll
"(0, 17794855)",car_6083,ego car,near_coll
"(0, 17794856)",ego car,car_6083,near_coll
"(0, 17794856)",car_6083,ego car,near_coll
"(0, 17794857)",ego car,car_6083,near_coll
"(0, 17794857)",car_6083,ego car,near_coll
"(0, 17794858)",ego car,car_6083,near_coll
"(0, 17794858)",car_6083,ego car,near_coll
"(0, 17794859)",ego car,car_6083,near_coll
"(0, 17794859)",car_6083,ego car,near_coll
"(0, 17794861)",ego car,car_6083,near_coll
"(0, 17794861)",car_6083,ego car,near_coll
"(0, 17794866)",ego car,car_6083,near_coll
"(0, 17794866)",car_6083,ego car,near_coll
"(0, 17794868)",ego car,car_6083,near_coll
"(0, 17794868)",car_6083,ego car,near_coll
"(4, 17839254)",ego car,car_6391,near_coll
"(4, 17839254)",car_6391,ego car,near_coll
"(4, 17839259)",ego car,car_6391,near_coll
"(4, 17839259)",car_6391,ego car,near_coll
"(6, 17791673)",ego car,car_5375,near_coll
"(6, 17791673)",car_5375,ego car,near_coll
"(6, 17791676)",ego car,car_5375,near_coll
"(6, 17791676)",car_5375,ego car,near_coll
"(6, 17791677)",ego car,car_5375,near_coll
"(6, 17791677)",car_5375,ego car,near_coll
"(10, 17790308)",ego car,car_5371,near_coll
"(10, 17790308)",car_5371,ego car,near_coll
"(10, 17790310)",ego car,car_5371,near_coll
"(10, 17790310)",car_5371,ego car,near_coll
"(10, 17790311)",ego car,car_5371,near_coll
"(10, 17790311)",car_5371,ego car,near_coll
"(10, 17790312)",ego car,car_5371,near_coll
"(10, 17790312)",car_5371,ego car,near_coll
"(10, 17790313)",ego car,car_5371,near_coll
"(10, 17790313)",car_5371,ego car,near_coll
"(10, 17790314)",ego car,car_5371,near_coll
"(10, 17790314)",car_5371,ego car,near_coll
"(10, 17790315)",ego car,car_5371,near_coll
"(10, 17790315)",car_5371,ego car,near_coll
"(10, 17790316)",ego car,car_5371,near_coll
"(10, 17790316)",car_5371,ego car,near_coll
"(10, 17790317)",ego car,car_5371,near_coll
"(10, 17790317)",car_5371,ego car,near_coll
"(10, 17790318)",ego car,car_5371,near_coll
"(10, 17790318)",car_5371,ego car,near_coll
"(10, 17790319)",ego car,car_5371,near_coll
"(10, 17790319)",car_5371,ego car,near_coll
"(10, 17790320)",ego car,car_5371,near_coll
"(10, 17790320)",car_5371,ego car,near_coll
"(10, 17790321)",ego car,car_5371,near_coll
"(10, 17790321)",car_5371,ego car,near_coll
"(10, 17790322)",ego car,car_5371,near_coll
"(10, 17790322)",car_5371,ego car,near_coll
"(10, 17790323)",ego car,car_5371,near_coll
"(10, 17790323)",car_5371,ego car,near_coll
"(10, 17790324)",ego car,car_5371,near_coll
"(10, 17790324)",car_5371,ego car,near_coll
"(10, 17790325)",ego car,car_5371,near_coll
"(10, 17790325)",car_5371,ego car,near_coll
"(10, 17790326)",ego car,car_5371,near_coll
"(10, 17790326)",car_5371,ego car,near_coll
"(10, 17790327)",ego car,car_5371,near_coll
"(10, 17790327)",car_5371,ego car,near_coll
"(10, 17790328)",ego car,car_5371,near_coll
"(10, 17790328)",car_5371,ego car,near_coll
"(10, 17790329)",ego car,car_5371,near_coll
"(10, 17790329)",car_5371,ego car,near_coll
"(10, 17790330)",ego car,car_5371,near_coll
"(10, 17790330)",car_5371,ego car,near_coll
"(10, 17790331)",ego car,car_5371,near_coll
"(10, 17790331)",car_5371,ego car,near_coll
"(10, 17790332)",ego car,car_5371,near_coll
"(10, 17790332)",car_5371,ego car,near_coll
"(10, 17790333)",ego car,car_5371,near_coll
"(10, 17790333)",car_5371,ego car,near_coll
"(10, 17790334)",ego car,car_5371,near_coll
"(10, 17790334)",car_5371,ego car,near_coll
"(10, 17790335)",ego car,car_5371,near_coll
"(10, 17790335)",car_5371,ego car,near_coll
"(10, 17790336)",ego car,car_5371,near_coll
"(10, 17790336)",car_5371,ego car,near_coll
"(10, 17790337)",ego car,car_5371,near_coll
"(10, 17790337)",car_5371,ego car,near_coll
"(10, 17790338)",ego car,car_5371,near_coll
"(10, 17790338)",car_5371,ego car,near_coll
"(10, 17790339)",ego car,car_5371,near_coll
"(10, 17790339)",car_5371,ego car,near_coll
"(10, 17790340)",ego car,car_5371,near_coll
"(10, 17790340)",car_5371,ego car,near_coll
"(10, 17790341)",ego car,car_5371,near_coll
"(10, 17790341)",car_5371,ego car,near_coll
"(10, 17790342)",ego car,car_5371,near_coll
"(10, 17790342)",car_5371,ego car,near_coll
"(10, 17790343)",ego car,car_5371,near_coll
"(10, 17790343)",car_5371,ego car,near_coll
"(10, 17790344)",ego car,car_5371,near_coll
"(10, 17790344)",car_5371,ego car,near_coll
"(10, 17790345)",ego car,car_5371,near_coll
"(10, 17790345)",car_5371,ego car,near_coll
"(10, 17790346)",ego car,car_5371,near_coll
"(10, 17790346)",car_5371,ego car,near_coll
"(10, 17790347)",ego car,car_5371,near_coll
"(10, 17790347)",car_5371,ego car,near_coll
"(10, 17790348)",ego car,car_5371,near_coll
"(10, 17790348)",car_5371,ego car,near_coll
"(10, 17790349)",ego car,car_5371,near_coll
"(10, 17790349)",car_5371,ego car,near_coll
"(10, 17790350)",ego car,car_5371,near_coll
"(10, 17790350)",car_5371,ego car,near_coll
"(10, 17790351)",ego car,car_5371,near_coll
"(10, 17790351)",car_5371,ego car,near_coll
"(10, 17790352)",ego car,car_5371,near_coll
"(10, 17790352)",car_5371,ego car,near_coll
"(10, 17790353)",ego car,car_5371,near_coll
"(10, 17790353)",car_5371,ego car,near_coll
"(10, 17790354)",ego car,car_5371,near_coll
"(10, 17790354)",car_5371,ego car,near_coll
"(10, 17790355)",ego car,car_5371,near_coll
"(10, 17790355)",car_5371,ego car,near_coll
"(10, 17790356)",ego car,car_5371,near_coll
"(10, 17790356)",car_5371,ego car,near_coll
"(11, 17790524)",ego car,car_5519,near_coll
"(11, 17790524)",car_5519,ego car,near_coll
"(11, 17790531)",ego car,car_5519,near_coll
"(11, 17790531)",car_5519,ego car,near_coll
"(11, 17790533)",ego car,car_5519,near_coll
"(11, 17790533)",car_5519,ego car,near_coll
"(11, 17790535)",ego car,car_5519,near_coll
"(11, 17790535)",car_5519,ego car,near_coll
"(11, 17790537)",ego car,car_5519,near_coll
"(11, 17790537)",car_5519,ego car,near_coll
"(11, 17790538)",ego car,car_5519,near_coll
"(11, 17790538)",car_5519,ego car,near_coll
"(11, 17790539)",ego car,car_5519,near_coll
"(11, 17790539)",car_5519,ego car,near_coll
"(11, 17790540)",ego car,car_5519,near_coll
"(11, 17790540)",car_5519,ego car,near_coll
"(11, 17790541)",ego car,car_5519,near_coll
"(11, 17790541)",car_5519,ego car,near_coll
"(11, 17790542)",ego car,car_5519,near_coll
"(11, 17790542)",car_5519,ego car,near_coll
"(11, 17790543)",ego car,car_5519,near_coll
"(11, 17790543)",car_5519,ego car,near_coll
"(11, 17790544)",ego car,car_5519,near_coll
"(11, 17790544)",car_5519,ego car,near_coll
"(11, 17790545)",ego car,car_5519,near_coll
"(11, 17790545)",car_5519,ego car,near_coll
"(11, 17790546)",ego car,car_5519,near_coll
"(11, 17790546)",car_5519,ego car,near_coll
"(11, 17790547)",ego car,car_5519,near_coll
"(11, 17790547)",car_5519,ego car,near_coll
"(11, 17790548)",ego car,car_5519,near_coll
"(11, 17790548)",car_5519,ego car,near_coll
"(11, 17790549)",ego car,car_5519,near_coll
"(11, 17790549)",car_5519,ego car,near_coll
"(11, 17790550)",ego car,car_5519,near_coll
"(11, 17790550)",car_5519,ego car,near_coll
"(11, 17790551)",ego car,car_5519,near_coll
"(11, 17790551)",car_5519,ego car,near_coll
"(11, 17790552)",ego car,car_5519,near_coll
"(11, 17790552)",car_5519,ego car,near_coll
"(11, 17790553)",ego car,car_5519,near_coll
"(11, 17790553)",car_5519,ego car,near_coll
"(11, 17790554)",ego car,car_5519,near_coll
"(11, 17790554)",car_5519,ego car,near_coll
"(11, 17790555)",ego car,car_5519,near_coll
"(11, 17790555)",car_5519,ego car,near_coll
"(11, 17790556)",ego car,car_5519,near_coll
"(11, 17790556)",car_5519,ego car,near_coll
"(11, 17790557)",ego car,car_5519,near_coll
"(11, 17790557)",car_5519,ego car,near_coll
"(11, 17790559)",ego car,car_5519,near_coll
"(11, 17790559)",car_5519,ego car,near_coll
"(12, 17790760)",ego car,car_5361,near_coll
"(12, 17790760)",car_5361,ego car,near_coll
"(12, 17790762)",ego car,car_5361,near_coll
"(12, 17790762)",car_5361,ego car,near_coll
"(12, 17790763)",ego car,car_5361,near_coll
"(12, 17790763)",car_5361,ego car,near_coll
"(12, 17790764)",ego car,car_5361,near_coll
"(12, 17790764)",car_5361,ego car,near_coll
"(12, 17790765)",ego car,car_5361,near_coll
"(12, 17790765)",car_5361,ego car,near_coll
"(12, 17790766)",ego car,car_5361,near_coll
"(12, 17790766)",car_5361,ego car,near_coll
"(12, 17790768)",ego car,car_5361,near_coll
"(12, 17790768)",car_5361,ego car,near_coll
"(14, 17791199)",ego car,car_5511,near_coll
"(14, 17791199)",car_5511,ego car,near_coll
"(14, 17791200)",ego car,car_5511,near_coll
"(14, 17791200)",car_5511,ego car,near_coll
"(15, 17791458)",ego car,car_5483,near_coll
"(15, 17791458)",car_5483,ego car,near_coll
"(15, 17791461)",ego car,car_5483,near_coll
"(15, 17791461)",car_5483,ego car,near_coll
"(15, 17791463)",ego car,car_5483,near_coll
"(15, 17791463)",car_5483,ego car,near_coll
"(15, 17791465)",ego car,car_5483,near_coll
"(15, 17791465)",car_5483,ego car,near_coll
"(15, 17791467)",ego car,car_5483,near_coll
"(15, 17791467)",car_5483,ego car,near_coll
"(15, 17791468)",ego car,car_5483,near_coll
"(15, 17791468)",car_5483,ego car,near_coll
"(15, 17791470)",ego car,car_5483,near_coll
"(15, 17791470)",car_5483,ego car,near_coll
"(15, 17791471)",ego car,car_5483,near_coll
"(15, 17791471)",car_5483,ego car,near_coll
"(15, 17791472)",ego car,car_5483,near_coll
"(15, 17791472)",car_5483,ego car,near_coll
"(15, 17791473)",ego car,car_5483,near_coll
"(15, 17791473)",car_5483,ego car,near_coll
"(15, 17791474)",ego car,car_5483,near_coll
"(15, 17791474)",car_5483,ego car,near_coll
"(15, 17791475)",ego car,car_5483,near_coll
"(15, 17791475)",car_5483,ego car,near_coll
"(15, 17791476)",ego car,car_5483,near_coll
"(15, 17791476)",car_5483,ego car,near_coll
"(15, 17791477)",ego car,car_5483,near_coll
"(15, 17791477)",car_5483,ego car,near_coll
"(15, 17791478)",ego car,car_5483,near_coll
"(15, 17791478)",car_5483,ego car,near_coll
"(15, 17791479)",ego car,car_5483,near_coll
"(15, 17791479)",car_5483,ego car,near_coll
"(15, 17791480)",ego car,car_5483,near_coll
"(15, 17791480)",car_5483,ego car,near_coll
"(15, 17791481)",ego car,car_5483,near_coll
"(15, 17791481)",car_5483,ego car,near_coll
"(15, 17791482)",ego car,car_5483,near_coll
"(15, 17791482)",car_5483,ego car,near_coll
"(15, 17791483)",ego car,car_5483,near_coll
"(15, 17791483)",car_5483,ego car,near_coll
"(15, 17791484)",ego car,car_5483,near_coll
"(15, 17791484)",car_5483,ego car,near_coll
"(15, 17791485)",ego car,car_5483,near_coll
"(15, 17791485)",car_5483,ego car,near_coll
"(15, 17791486)",ego car,car_5483,near_coll
"(15, 17791486)",car_5483,ego car,near_coll
"(15, 17791487)",ego car,car_5483,near_coll
"(15, 17791487)",car_5483,ego car,near_coll
"(15, 17791488)",ego car,car_5483,near_coll
"(15, 17791488)",car_5483,ego car,near_coll
"(15, 17791490)",ego car,car_5483,near_coll
"(15, 17791490)",car_5483,ego car,near_coll
"(16, 17791673)",ego car,car_5375,near_coll
"(16, 17791673)",car_5375,ego car,near_coll
"(16, 17791676)",ego car,car_5375,near_coll
"(16, 17791676)",car_5375,ego car,near_coll
"(16, 17791677)",ego car,car_5375,near_coll
"(16, 17791677)",car_5375,ego car,near_coll
"(18, 17792106)",ego car,car_5592,near_coll
"(18, 17792106)",car_5592,ego car,near_coll
"(19, 17792433)",ego car,car_5503,near_coll
"(19, 17792433)",car_5503,ego car,near_coll
"(19, 17792435)",ego car,car_5503,near_coll
"(19, 17792435)",car_5503,ego car,near_coll
"(19, 17792437)",ego car,car_5503,near_coll
"(19, 17792437)",car_5503,ego car,near_coll
"(22, 23071)",ego car,car_308,near_coll
"(22, 23071)",car_308,ego car,near_coll
"(22, 23072)",ego car,car_308,near_coll
"(22, 23072)",car_308,ego car,near_coll
"(22, 23073)",ego car,car_308,near_coll
"(22, 23073)",car_308,ego car,near_coll
"(22, 23077)",ego car,car_308,near_coll
"(22, 23077)",car_308,ego car,near_coll
"(22, 23078)",ego car,car_308,near_coll
"(22, 23078)",car_308,ego car,near_coll
"(22, 23079)",ego car,car_308,near_coll
"(22, 23079)",car_308,ego car,near_coll
"(32, 27239)",ego car,car_1068,near_coll
"(32, 27239)",car_1068,ego car,near_coll
"(32, 27240)",ego car,car_1068,near_coll
"(32, 27240)",car_1068,ego car,near_coll
"(32, 27244)",ego car,car_1068,near_coll
"(32, 27244)",car_1068,ego car,near_coll
"(32, 27246)",ego car,car_1068,near_coll
"(32, 27246)",car_1068,ego car,near_coll
"(32, 27248)",ego car,car_1068,near_coll
"(32, 27248)",car_1068,ego car,near_coll
"(32, 27250)",ego car,car_1068,near_coll
"(32, 27250)",car_1068,ego car,near_coll
"(37, 28521)",ego car,car_926,near_coll
"(37, 28521)",car_926,ego car,near_coll
"(38, 28682)",ego car,car_826,near_coll
"(38, 28682)",ego car,car_902,near_coll
"(38, 28682)",car_826,ego car,near_coll
"(38, 28682)",car_902,ego car,near_coll
"(38, 28684)",ego car,car_826,near_coll
"(38, 28684)",ego car,car_902,near_coll
"(38, 28684)",car_826,ego car,near_coll
"(38, 28684)",car_902,ego car,near_coll
"(38, 28685)",ego car,car_826,near_coll
"(38, 28685)",car_826,ego car,near_coll
"(38, 28686)",ego car,car_826,near_coll
"(38, 28686)",car_826,ego car,near_coll
"(38, 28687)",ego car,car_826,near_coll
"(38, 28687)",ego car,car_902,near_coll
"(38, 28687)",car_826,ego car,near_coll
"(38, 28687)",car_902,ego car,near_coll
"(38, 28688)",ego car,car_826,near_coll
"(38, 28688)",car_826,ego car,near_coll
"(38, 28689)",ego car,car_826,near_coll
"(38, 28689)",ego car,car_902,near_coll
"(38, 28689)",car_826,ego car,near_coll
"(38, 28689)",car_902,ego car,near_coll
"(38, 28690)",ego car,car_826,near_coll
"(38, 28690)",car_826,ego car,near_coll
"(38, 28691)",ego car,car_826,near_coll
"(38, 28691)",ego car,car_902,near_coll
"(38, 28691)",car_826,ego car,near_coll
"(38, 28691)",car_902,ego car,near_coll
"(38, 28692)",ego car,car_826,near_coll
"(38, 28692)",car_826,ego car,near_coll
"(38, 28693)",ego car,car_826,near_coll
"(38, 28693)",ego car,car_902,near_coll
"(38, 28693)",car_826,ego car,near_coll
"(38, 28693)",car_902,ego car,near_coll
"(38, 28694)",ego car,car_826,near_coll
"(38, 28694)",ego car,car_902,near_coll
"(38, 28694)",car_826,ego car,near_coll
"(38, 28694)",car_902,ego car,near_coll
"(38, 28695)",ego car,car_826,near_coll
"(38, 28695)",car_826,ego car,near_coll
"(38, 28696)",ego car,car_826,near_coll
"(38, 28696)",ego car,car_902,near_coll
"(38, 28696)",car_826,ego car,near_coll
"(38, 28696)",car_902,ego car,near_coll
"(38, 28697)",ego car,car_826,near_coll
"(38, 28697)",car_826,ego car,near_coll
"(38, 28698)",ego car,car_902,near_coll
"(38, 28698)",car_902,ego car,near_coll
"(38, 28700)",ego car,car_902,near_coll
"(38, 28700)",car_902,ego car,near_coll
"(38, 28701)",ego car,car_902,near_coll
"(38, 28701)",car_902,ego car,near_coll
"(38, 28703)",ego car,car_902,near_coll
"(38, 28703)",car_902,ego car,near_coll
"(38, 28705)",ego car,car_902,near_coll
"(38, 28705)",car_902,ego car,near_coll
"(38, 28707)",ego car,car_902,near_coll
"(38, 28707)",car_902,ego car,near_coll
"(38, 28709)",ego car,car_902,near_coll
"(38, 28709)",car_902,ego car,near_coll
"(38, 28710)",ego car,car_902,near_coll
"(38, 28710)",car_902,ego car,near_coll
"(38, 28712)",ego car,car_902,near_coll
"(38, 28712)",car_902,ego car,near_coll
"(38, 28714)",ego car,car_902,near_coll
"(38, 28714)",car_902,ego car,near_coll
"(38, 28715)",ego car,car_902,near_coll
"(38, 28715)",car_902,ego car,near_coll
"(38, 28717)",ego car,car_902,near_coll
"(38, 28717)",car_902,ego car,near_coll
"(38, 28718)",ego car,car_902,near_coll
"(38, 28718)",car_902,ego car,near_coll
"(38, 28720)",ego car,car_902,near_coll
"(38, 28720)",car_902,ego car,near_coll
"(38, 28721)",ego car,car_902,near_coll
"(38, 28721)",car_902,ego car,near_coll
"(38, 28722)",ego car,car_902,near_coll
"(38, 28722)",car_902,ego car,near_coll
"(38, 28724)",ego car,car_902,near_coll
"(38, 28724)",car_902,ego car,near_coll
"(40, 29374)",ego car,car_729,near_coll
"(40, 29374)",car_729,ego car,near_coll
"(44, 31787)",ego car,car_844,near_coll
"(44, 31787)",car_844,ego car,near_coll
"(44, 31788)",ego car,car_844,near_coll
"(44, 31788)",car_844,ego car,near_coll
"(46, 33081)",ego car,car_779,near_coll
"(46, 33081)",car_779,ego car,near_coll
"(46, 33082)",ego car,car_779,near_coll
"(46, 33082)",car_779,ego car,near_coll
"(46, 33083)",ego car,car_779,near_coll
"(46, 33083)",car_779,ego car,near_coll
"(46, 33084)",ego car,car_779,near_coll
"(46, 33084)",car_779,ego car,near_coll
"(46, 33085)",ego car,car_779,near_coll
"(46, 33085)",car_779,ego car,near_coll
"(46, 33086)",ego car,car_779,near_coll
"(46, 33086)",car_779,ego car,near_coll
"(46, 33087)",ego car,car_779,near_coll
"(46, 33087)",car_779,ego car,near_coll
"(46, 33088)",ego car,car_779,near_coll
"(46, 33088)",car_779,ego car,near_coll
"(46, 33089)",ego car,car_779,near_coll
"(46, 33089)",car_779,ego car,near_coll
"(46, 33090)",ego car,car_779,near_coll
"(46, 33090)",car_779,ego car,near_coll
"(46, 33114)",ego car,car_805,near_coll
"(46, 33114)",car_805,ego car,near_coll
"(46, 33115)",ego car,car_805,near_coll
"(46, 33115)",car_805,ego car,near_coll
"(49, 34776)",ego car,car_883,near_coll
"(49, 34776)",car_883,ego car,near_coll
"(49, 34777)",ego car,car_883,near_coll
"(49, 34777)",car_883,ego car,near_coll
"(49, 34778)",ego car,car_883,near_coll
"(49, 34778)",car_883,ego car,near_coll
"(49, 34779)",ego car,car_883,near_coll
"(49, 34779)",car_883,ego car,near_coll
"(49, 34780)",ego car,car_883,near_coll
"(49, 34780)",car_883,ego car,near_coll
"(49, 34781)",ego car,car_883,near_coll
"(49, 34781)",car_883,ego car,near_coll
"(49, 34782)",ego car,car_883,near_coll
"(49, 34782)",car_883,ego car,near_coll
"(49, 34783)",ego car,car_883,near_coll
"(49, 34783)",car_883,ego car,near_coll
"(49, 34784)",ego car,car_1053,near_coll
"(49, 34784)",car_1053,ego car,near_coll
"(49, 34785)",ego car,car_1053,near_coll
"(49, 34785)",car_1053,ego car,near_coll
"(49, 34786)",ego car,car_1053,near_coll
"(49, 34786)",car_1053,ego car,near_coll
"(49, 34787)",ego car,car_883,near_coll
"(49, 34787)",car_883,ego car,near_coll
"(49, 34788)",ego car,car_883,near_coll
"(49, 34788)",car_883,ego car,near_coll
"(49, 34789)",ego car,car_883,near_coll
"(49, 34789)",car_883,ego car,near_coll
"(49, 34790)",ego car,car_883,near_coll
"(49, 34790)",car_883,ego car,near_coll
"(49, 34793)",ego car,car_1053,near_coll
"(49, 34793)",car_1053,ego car,near_coll
"(49, 34812)",ego car,car_1054,near_coll
"(49, 34812)",car_1054,ego car,near_coll
"(49, 34813)",ego car,car_1054,near_coll
"(49, 34813)",car_1054,ego car,near_coll
"(49, 34814)",ego car,car_1054,near_coll
"(49, 34814)",car_1054,ego car,near_coll
"(49, 34815)",ego car,car_1054,near_coll
"(49, 34815)",car_1054,ego car,near_coll
"(49, 34816)",ego car,car_1054,near_coll
"(49, 34816)",car_1054,ego car,near_coll
"(49, 34817)",ego car,car_1054,near_coll
"(49, 34817)",car_1054,ego car,near_coll
"(49, 34818)",ego car,car_1054,near_coll
"(49, 34818)",car_1054,ego car,near_coll
"(49, 34819)",ego car,car_1054,near_coll
"(49, 34819)",car_1054,ego car,near_coll
"(49, 34820)",ego car,car_1054,near_coll
"(49, 34820)",car_1054,ego car,near_coll
"(49, 34821)",ego car,car_1054,near_coll
"(49, 34821)",car_1054,ego car,near_coll
"(49, 34822)",ego car,car_1054,near_coll
"(49, 34822)",car_1054,ego car,near_coll
"(49, 34823)",ego car,car_1054,near_coll
"(49, 34823)",car_1054,ego car,near_coll
"(49, 34866)",ego car,car_992,near_coll
"(49, 34866)",car_992,ego car,near_coll
"(49, 34867)",ego car,car_992,near_coll
"(49, 34867)",car_992,ego car,near_coll
"(49, 34870)",ego car,car_992,near_coll
"(49, 34870)",car_992,ego car,near_coll
"(49, 34871)",ego car,car_992,near_coll
"(49, 34871)",car_992,ego car,near_coll
"(49, 34872)",ego car,car_992,near_coll
"(49, 34872)",car_992,ego car,near_coll
"(49, 34873)",ego car,car_992,near_coll
"(49, 34873)",car_992,ego car,near_coll
"(52, 98119)",ego car,car_1548,near_coll
"(52, 98119)",car_1548,ego car,near_coll
"(52, 98121)",ego car,car_1548,near_coll
"(52, 98121)",car_1548,ego car,near_coll
"(52, 98122)",ego car,car_1548,near_coll
"(52, 98122)",car_1548,ego car,near_coll
"(52, 98123)",ego car,car_1548,near_coll
"(52, 98123)",car_1548,ego car,near_coll
"(52, 98124)",ego car,car_1548,near_coll
"(52, 98124)",car_1548,ego car,near_coll
"(52, 98125)",ego car,car_1548,near_coll
"(52, 98125)",car_1548,ego car,near_coll
"(52, 98128)",ego car,car_1548,near_coll
"(52, 98128)",car_1548,ego car,near_coll
"(52, 98129)",ego car,car_1548,near_coll
"(52, 98129)",car_1548,ego car,near_coll
"(52, 98130)",ego car,car_1548,near_coll
"(52, 98130)",car_1548,ego car,near_coll
"(52, 98131)",ego car,car_1548,near_coll
"(52, 98131)",car_1548,ego car,near_coll
"(52, 98133)",ego car,car_1548,near_coll
"(52, 98133)",car_1548,ego car,near_coll
"(52, 98134)",ego car,car_1548,near_coll
"(52, 98134)",car_1548,ego car,near_coll
"(52, 98135)",ego car,car_1548,near_coll
"(52, 98135)",car_1548,ego car,near_coll
"(52, 98137)",ego car,car_1548,near_coll
"(52, 98137)",car_1548,ego car,near_coll
"(52, 98138)",ego car,car_1548,near_coll
"(52, 98138)",car_1548,ego car,near_coll
"(52, 98139)",ego car,car_1548,near_coll
"(52, 98139)",car_1548,ego car,near_coll
"(52, 98141)",ego car,car_1548,near_coll
"(52, 98141)",car_1548,ego car,near_coll
"(52, 98142)",ego car,car_1548,near_coll
"(52, 98142)",car_1548,ego car,near_coll
"(52, 98143)",ego car,car_1548,near_coll
"(52, 98143)",car_1548,ego car,near_coll
"(52, 98144)",ego car,car_1548,near_coll
"(52, 98144)",car_1548,ego car,near_coll
"(52, 98145)",ego car,car_1548,near_coll
"(52, 98145)",car_1548,ego car,near_coll
"(52, 98146)",ego car,car_1548,near_coll
"(52, 98146)",car_1548,ego car,near_coll
"(52, 98147)",ego car,car_1548,near_coll
"(52, 98147)",car_1548,ego car,near_coll
"(52, 98148)",ego car,car_1548,near_coll
"(52, 98148)",car_1548,ego car,near_coll
"(52, 98149)",ego car,car_1548,near_coll
"(52, 98149)",car_1548,ego car,near_coll
"(52, 98150)",ego car,car_1548,near_coll
"(52, 98150)",car_1548,ego car,near_coll
"(52, 98151)",ego car,car_1548,near_coll
"(52, 98151)",car_1548,ego car,near_coll
"(52, 98152)",ego car,car_1548,near_coll
"(52, 98152)",car_1548,ego car,near_coll
"(52, 98153)",ego car,car_1548,near_coll
"(52, 98153)",car_1548,ego car,near_coll
"(52, 98154)",ego car,car_1548,near_coll
"(52, 98154)",car_1548,ego car,near_coll
"(52, 98155)",ego car,car_1548,near_coll
"(52, 98155)",car_1548,ego car,near_coll
"(52, 98156)",ego car,car_1548,near_coll
"(52, 98156)",car_1548,ego car,near_coll
"(52, 98157)",ego car,car_1548,near_coll
"(52, 98157)",car_1548,ego car,near_coll
"(52, 98159)",ego car,car_1548,near_coll
"(52, 98159)",car_1548,ego car,near_coll
"(53, 98511)",ego car,car_1550,near_coll
"(53, 98511)",car_1550,ego car,near_coll
"(53, 98513)",ego car,car_1550,near_coll
"(53, 98513)",car_1550,ego car,near_coll
"(53, 98515)",ego car,car_1550,near_coll
"(53, 98515)",car_1550,ego car,near_coll
"(53, 98516)",ego car,car_1550,near_coll
"(53, 98516)",car_1550,ego car,near_coll
"(53, 98517)",ego car,car_1550,near_coll
"(53, 98517)",car_1550,ego car,near_coll
"(53, 98518)",ego car,car_1550,near_coll
"(53, 98518)",car_1550,ego car,near_coll
"(53, 98519)",ego car,car_1550,near_coll
"(53, 98519)",car_1550,ego car,near_coll
"(53, 98520)",ego car,car_1550,near_coll
"(53, 98520)",car_1550,ego car,near_coll
"(53, 98521)",ego car,car_1550,near_coll
"(53, 98521)",car_1550,ego car,near_coll
"(53, 98522)",ego car,car_1550,near_coll
"(53, 98522)",car_1550,ego car,near_coll
"(53, 98523)",ego car,car_1550,near_coll
"(53, 98523)",car_1550,ego car,near_coll
"(53, 98524)",ego car,car_1550,near_coll
"(53, 98524)",car_1550,ego car,near_coll
"(54, 98712)",ego car,car_1481,near_coll
"(54, 98712)",car_1481,ego car,near_coll
"(54, 98714)",ego car,car_1481,near_coll
"(54, 98714)",car_1481,ego car,near_coll
"(54, 98715)",ego car,car_1481,near_coll
"(54, 98715)",car_1481,ego car,near_coll
"(54, 98716)",ego car,car_1481,near_coll
"(54, 98716)",car_1481,ego car,near_coll
"(54, 98717)",ego car,car_1481,near_coll
"(54, 98717)",car_1481,ego car,near_coll
"(58, 99553)",ego car,car_1593,near_coll
"(58, 99553)",car_1593,ego car,near_coll
"(58, 99555)",ego car,car_1593,near_coll
"(58, 99555)",car_1593,ego car,near_coll
"(58, 99556)",ego car,car_1593,near_coll
"(58, 99556)",car_1593,ego car,near_coll
"(58, 99557)",ego car,car_1593,near_coll
"(58, 99557)",car_1593,ego car,near_coll
"(58, 99558)",ego car,car_1593,near_coll
"(58, 99558)",car_1593,ego car,near_coll
"(58, 99559)",ego car,car_1593,near_coll
"(58, 99559)",car_1593,ego car,near_coll
"(58, 99560)",ego car,car_1593,near_coll
"(58, 99560)",car_1593,ego car,near_coll
"(58, 99561)",ego car,car_1593,near_coll
"(58, 99561)",car_1593,ego car,near_coll
"(58, 99562)",ego car,car_1593,near_coll
"(58, 99562)",car_1593,ego car,near_coll
"(58, 99563)",ego car,car_1593,near_coll
"(58, 99563)",car_1593,ego car,near_coll
"(58, 99564)",ego car,car_1593,near_coll
"(58, 99564)",car_1593,ego car,near_coll
"(58, 99565)",ego car,car_1593,near_coll
"(58, 99565)",car_1593,ego car,near_coll
"(58, 99566)",ego car,car_1593,near_coll
"(58, 99566)",car_1593,ego car,near_coll
"(58, 99567)",ego car,car_1593,near_coll
"(58, 99567)",car_1593,ego car,near_coll
"(58, 99568)",ego car,car_1593,near_coll
"(58, 99568)",car_1593,ego car,near_coll
"(58, 99569)",ego car,car_1593,near_coll
"(58, 99569)",car_1593,ego car,near_coll
"(58, 99570)",ego car,car_1593,near_coll
"(58, 99570)",car_1593,ego car,near_coll
"(58, 99571)",ego car,car_1593,near_coll
"(58, 99571)",car_1593,ego car,near_coll
"(58, 99572)",ego car,car_1593,near_coll
"(58, 99572)",car_1593,ego car,near_coll
"(58, 99573)",ego car,car_1593,near_coll
"(58, 99573)",car_1593,ego car,near_coll
"(58, 99574)",ego car,car_1593,near_coll
"(58, 99574)",car_1593,ego car,near_coll
"(58, 99575)",ego car,car_1593,near_coll
"(58, 99575)",car_1593,ego car,near_coll
"(58, 99576)",ego car,car_1593,near_coll
"(58, 99576)",car_1593,ego car,near_coll
"(58, 99577)",ego car,car_1593,near_coll
"(58, 99577)",car_1593,ego car,near_coll
"(58, 99578)",ego car,car_1593,near_coll
"(58, 99578)",car_1593,ego car,near_coll
"(58, 99579)",ego car,car_1593,near_coll
"(58, 99579)",car_1593,ego car,near_coll
"(58, 99580)",ego car,car_1593,near_coll
"(58, 99580)",car_1593,ego car,near_coll
"(58, 99581)",ego car,car_1593,near_coll
"(58, 99581)",car_1593,ego car,near_coll
"(58, 99582)",ego car,car_1593,near_coll
"(58, 99582)",car_1593,ego car,near_coll
"(58, 99583)",ego car,car_1593,near_coll
"(58, 99583)",car_1593,ego car,near_coll
"(58, 99584)",ego car,car_1593,near_coll
"(58, 99584)",car_1593,ego car,near_coll
"(58, 99585)",ego car,car_1593,near_coll
"(58, 99585)",car_1593,ego car,near_coll
"(58, 99586)",ego car,car_1593,near_coll
"(58, 99586)",car_1593,ego car,near_coll
"(58, 99587)",ego car,car_1593,near_coll
"(58, 99587)",car_1593,ego car,near_coll
"(58, 99588)",ego car,car_1593,near_coll
"(58, 99588)",car_1593,ego car,near_coll
"(58, 99589)",ego car,car_1593,near_coll
"(58, 99589)",car_1593,ego car,near_coll
"(58, 99590)",ego car,car_1593,near_coll
"(58, 99590)",car_1593,ego car,near_coll
"(58, 99591)",ego car,car_1593,near_coll
"(58, 99591)",car_1593,ego car,near_coll
"(58, 99592)",ego car,car_1593,near_coll
"(58, 99592)",car_1593,ego car,near_coll
"(58, 99593)",ego car,car_1593,near_coll
"(58, 99593)",car_1593,ego car,near_coll
"(58, 99594)",ego car,car_1593,near_coll
"(58, 99594)",car_1593,ego car,near_coll
"(58, 99595)",ego car,car_1593,near_coll
"(58, 99595)",car_1593,ego car,near_coll
"(58, 99596)",ego car,car_1593,near_coll
"(58, 99596)",car_1593,ego car,near_coll
"(58, 99597)",ego car,car_1593,near_coll
"(58, 99597)",car_1593,ego car,near_coll
"(58, 99598)",ego car,car_1593,near_coll
"(58, 99598)",car_1593,ego car,near_coll
"(58, 99599)",ego car,car_1593,near_coll
"(58, 99599)",car_1593,ego car,near_coll
"(58, 99600)",ego car,car_1593,near_coll
"(58, 99600)",car_1593,ego car,near_coll
"(58, 99601)",ego car,car_1593,near_coll
"(58, 99601)",car_1593,ego car,near_coll
"(58, 99602)",ego car,car_1593,near_coll
"(58, 99602)",car_1593,ego car,near_coll
"(58, 99603)",ego car,car_1593,near_coll
"(58, 99603)",car_1593,ego car,near_coll
"(58, 99604)",ego car,car_1593,near_coll
"(58, 99604)",car_1593,ego car,near_coll
"(58, 99605)",ego car,car_1593,near_coll
"(58, 99605)",car_1593,ego car,near_coll
"(58, 99606)",ego car,car_1593,near_coll
"(58, 99606)",car_1593,ego car,near_coll
"(58, 99607)",ego car,car_1593,near_coll
"(58, 99607)",car_1593,ego car,near_coll
"(58, 99608)",ego car,car_1593,near_coll
"(58, 99608)",car_1593,ego car,near_coll
"(58, 99609)",ego car,car_1593,near_coll
"(58, 99609)",car_1593,ego car,near_coll
"(58, 99610)",ego car,car_1593,near_coll
"(58, 99610)",car_1593,ego car,near_coll
"(58, 99611)",ego car,car_1593,near_coll
"(58, 99611)",car_1593,ego car,near_coll
"(58, 99612)",ego car,car_1593,near_coll
"(58, 99612)",car_1593,ego car,near_coll
"(58, 99613)",ego car,car_1593,near_coll
"(58, 99613)",car_1593,ego car,near_coll
"(58, 99614)",ego car,car_1593,near_coll
"(58, 99614)",car_1593,ego car,near_coll
"(58, 99615)",ego car,car_1593,near_coll
"(58, 99615)",car_1593,ego car,near_coll
"(58, 99616)",ego car,car_1593,near_coll
"(58, 99616)",car_1593,ego car,near_coll
"(58, 99617)",ego car,car_1593,near_coll
"(58, 99617)",car_1593,ego car,near_coll
"(58, 99618)",ego car,car_1593,near_coll
"(58, 99618)",car_1593,ego car,near_coll
"(58, 99619)",ego car,car_1593,near_coll
"(58, 99619)",car_1593,ego car,near_coll
"(58, 99620)",ego car,car_1593,near_coll
"(58, 99620)",car_1593,ego car,near_coll
"(58, 99621)",ego car,car_1593,near_coll
"(58, 99621)",car_1593,ego car,near_coll
"(58, 99622)",ego car,car_1593,near_coll
"(58, 99622)",car_1593,ego car,near_coll
"(58, 99623)",ego car,car_1593,near_coll
"(58, 99623)",car_1593,ego car,near_coll
"(58, 99624)",ego car,car_1593,near_coll
"(58, 99624)",car_1593,ego car,near_coll
"(58, 99625)",ego car,car_1593,near_coll
"(58, 99625)",car_1593,ego car,near_coll
"(58, 99626)",ego car,car_1593,near_coll
"(58, 99626)",car_1593,ego car,near_coll
"(58, 99627)",ego car,car_1593,near_coll
"(58, 99627)",car_1593,ego car,near_coll
"(58, 99628)",ego car,car_1593,near_coll
"(58, 99628)",car_1593,ego car,near_coll
"(58, 99629)",ego car,car_1593,near_coll
"(58, 99629)",car_1593,ego car,near_coll
"(58, 99630)",ego car,car_1593,near_coll
"(58, 99630)",car_1593,ego car,near_coll
"(58, 99631)",ego car,car_1593,near_coll
"(58, 99631)",car_1593,ego car,near_coll
"(58, 99632)",ego car,car_1593,near_coll
"(58, 99632)",car_1593,ego car,near_coll
"(58, 99633)",ego car,car_1593,near_coll
"(58, 99633)",car_1593,ego car,near_coll
"(58, 99634)",ego car,car_1593,near_coll
"(58, 99634)",car_1593,ego car,near_coll
"(58, 99635)",ego car,car_1593,near_coll
"(58, 99635)",car_1593,ego car,near_coll
"(58, 99636)",ego car,car_1593,near_coll
"(58, 99636)",car_1593,ego car,near_coll
"(58, 99637)",ego car,car_1593,near_coll
"(58, 99637)",car_1593,ego car,near_coll
"(58, 99638)",ego car,car_1593,near_coll
"(58, 99638)",car_1593,ego car,near_coll
"(58, 99639)",ego car,car_1593,near_coll
"(58, 99639)",car_1593,ego car,near_coll
"(62, 178643)",ego car,car_1994,near_coll
"(62, 178643)",car_1994,ego car,near_coll
"(62, 178645)",ego car,car_1994,near_coll
"(62, 178645)",car_1994,ego car,near_coll
"(62, 178648)",ego car,car_1994,near_coll
"(62, 178648)",car_1994,ego car,near_coll
"(62, 178650)",ego car,car_1994,near_coll
"(62, 178650)",car_1994,ego car,near_coll
"(62, 178652)",ego car,car_1994,near_coll
"(62, 178652)",car_1994,ego car,near_coll
"(62, 178654)",ego car,car_1994,near_coll
"(62, 178654)",car_1994,ego car,near_coll
"(62, 178656)",ego car,car_1994,near_coll
"(62, 178656)",car_1994,ego car,near_coll
"(62, 178658)",ego car,car_1994,near_coll
"(62, 178658)",car_1994,ego car,near_coll
"(62, 178660)",ego car,car_1994,near_coll
"(62, 178660)",car_1994,ego car,near_coll
"(73, 180935)",ego car,car_1935,near_coll
"(73, 180935)",car_1935,ego car,near_coll
"(73, 180937)",ego car,car_1935,near_coll
"(73, 180937)",car_1935,ego car,near_coll
"(73, 180938)",ego car,car_1935,near_coll
"(73, 180938)",car_1935,ego car,near_coll
"(73, 180939)",ego car,car_1935,near_coll
"(73, 180939)",car_1935,ego car,near_coll
"(73, 180940)",ego car,car_1935,near_coll
"(73, 180940)",car_1935,ego car,near_coll
"(73, 180941)",ego car,car_1935,near_coll
"(73, 180941)",car_1935,ego car,near_coll
"(73, 180942)",ego car,car_1935,near_coll
"(73, 180942)",car_1935,ego car,near_coll
"(73, 180943)",ego car,car_1935,near_coll
"(73, 180943)",car_1935,ego car,near_coll
"(73, 180944)",ego car,car_1935,near_coll
"(73, 180944)",car_1935,ego car,near_coll
"(73, 180945)",ego car,car_1935,near_coll
"(73, 180945)",car_1935,ego car,near_coll
"(73, 180946)",ego car,car_1935,near_coll
"(73, 180946)",car_1935,ego car,near_coll
"(73, 180947)",ego car,car_1935,near_coll
"(73, 180947)",car_1935,ego car,near_coll
"(73, 180948)",ego car,car_1935,near_coll
"(73, 180948)",car_1935,ego car,near_coll
"(73, 180949)",ego car,car_1935,near_coll
"(73, 180949)",car_1935,ego car,near_coll
"(73, 180950)",ego car,car_1935,near_coll
"(73, 180950)",car_1935,ego car,near_coll
"(73, 180951)",ego car,car_1935,near_coll
"(73, 180951)",car_1935,ego car,near_coll
"(73, 180953)",ego car,car_1935,near_coll
"(73, 180953)",car_1935,ego car,near_coll
"(73, 180961)",ego car,car_1935,near_coll
"(73, 180961)",car_1935,ego car,near_coll
"(76, 181729)",ego car,car_1989,near_coll
"(76, 181729)",car_1989,ego car,near_coll
"(77, 182060)",ego car,car_2004,near_coll
"(77, 182060)",car_2004,ego car,near_coll
"(78, 182374)",ego car,car_1816,near_coll
"(78, 182374)",car_1816,ego car,near_coll
"(78, 182375)",ego car,car_1816,near_coll
"(78, 182375)",car_1816,ego car,near_coll
"(78, 182376)",ego car,car_1816,near_coll
"(78, 182376)",car_1816,ego car,near_coll
"(78, 182377)",ego car,car_1816,near_coll
"(78, 182377)",car_1816,ego car,near_coll
"(78, 182378)",ego car,car_1816,near_coll
"(78, 182378)",car_1816,ego car,near_coll
"(78, 182379)",ego car,car_1816,near_coll
"(78, 182379)",car_1816,ego car,near_coll
"(78, 182380)",ego car,car_1816,near_coll
"(78, 182380)",car_1816,ego car,near_coll
"(78, 182381)",ego car,car_1816,near_coll
"(78, 182381)",car_1816,ego car,near_coll
"(78, 182382)",ego car,car_1816,near_coll
"(78, 182382)",car_1816,ego car,near_coll
"(78, 182383)",ego car,car_1816,near_coll
"(78, 182383)",car_1816,ego car,near_coll
"(78, 182384)",ego car,car_1816,near_coll
"(78, 182384)",car_1816,ego car,near_coll
"(78, 182385)",ego car,car_1816,near_coll
"(78, 182385)",car_1816,ego car,near_coll
"(79, 182582)",ego car,car_1964,near_coll
"(79, 182582)",car_1964,ego car,near_coll
"(79, 182583)",ego car,car_1964,near_coll
"(79, 182583)",car_1964,ego car,near_coll
"(79, 182586)",ego car,car_1964,near_coll
"(79, 182586)",car_1964,ego car,near_coll
"(79, 182587)",ego car,car_1964,near_coll
"(79, 182587)",car_1964,ego car,near_coll
"(82, 183347)",ego car,car_1858,near_coll
"(82, 183347)",car_1858,ego car,near_coll
"(82, 183348)",ego car,car_1858,near_coll
"(82, 183348)",car_1858,ego car,near_coll
"(88, 185098)",ego car,car_1914,near_coll
"(88, 185098)",car_1914,ego car,near_coll
"(88, 185099)",ego car,car_1914,near_coll
"(88, 185099)",car_1914,ego car,near_coll
"(88, 185100)",ego car,car_1914,near_coll
"(88, 185100)",car_1914,ego car,near_coll
"(90, 185433)",ego car,car_1882,near_coll
"(90, 185433)",car_1882,ego car,near_coll
"(90, 185434)",ego car,car_1882,near_coll
"(90, 185434)",car_1882,ego car,near_coll
"(102, 193035)",ego car,car_2488,near_coll
"(102, 193035)",car_2488,ego car,near_coll
"(102, 193037)",ego car,car_2488,near_coll
"(102, 193037)",car_2488,ego car,near_coll
"(112, 2039708)",ego car,car_2989,near_coll
"(112, 2039708)",car_2989,ego car,near_coll
"(112, 2039710)",ego car,car_2989,near_coll
"(112, 2039710)",car_2989,ego car,near_coll
"(112, 2039711)",ego car,car_2989,near_coll
"(112, 2039711)",car_2989,ego car,near_coll
"(112, 2039712)",ego car,car_2989,near_coll
"(112, 2039712)",car_2989,ego car,near_coll
"(112, 2039713)",ego car,car_2989,near_coll
"(112, 2039713)",car_2989,ego car,near_coll
"(112, 2039714)",ego car,car_2989,near_coll
"(112, 2039714)",car_2989,ego car,near_coll
"(112, 2039715)",ego car,car_2989,near_coll
"(112, 2039715)",car_2989,ego car,near_coll
"(112, 2039716)",ego car,car_2989,near_coll
"(112, 2039716)",car_2989,ego car,near_coll
"(112, 2039783)",ego car,car_3081,near_coll
"(112, 2039783)",car_3081,ego car,near_coll
"(112, 2039784)",ego car,car_3081,near_coll
"(112, 2039784)",car_3081,ego car,near_coll
"(112, 2039797)",ego car,car_2962,near_coll
"(112, 2039797)",car_2962,ego car,near_coll
"(114, 2040291)",ego car,car_2834,near_coll
"(114, 2040291)",car_2834,ego car,near_coll
"(114, 2040300)",ego car,car_2834,near_coll
"(114, 2040300)",car_2834,ego car,near_coll
"(116, 2040790)",ego car,car_3121,near_coll
"(116, 2040790)",car_3121,ego car,near_coll
"(116, 2040791)",ego car,car_3121,near_coll
"(116, 2040791)",car_3121,ego car,near_coll
"(116, 2040792)",ego car,car_3121,near_coll
"(116, 2040792)",car_3121,ego car,near_coll
"(116, 2040793)",ego car,car_3121,near_coll
"(116, 2040793)",car_3121,ego car,near_coll
"(116, 2040794)",ego car,car_3121,near_coll
"(116, 2040794)",car_3121,ego car,near_coll
"(116, 2040795)",ego car,car_3121,near_coll
"(116, 2040795)",car_3121,ego car,near_coll
"(116, 2040796)",ego car,car_3121,near_coll
"(116, 2040796)",car_3121,ego car,near_coll
"(116, 2040797)",ego car,car_3121,near_coll
"(116, 2040797)",car_3121,ego car,near_coll
"(116, 2040798)",ego car,car_3121,near_coll
"(116, 2040798)",car_3121,ego car,near_coll
"(116, 2040799)",ego car,car_3121,near_coll
"(116, 2040799)",car_3121,ego car,near_coll
"(116, 2040800)",ego car,car_3121,near_coll
"(116, 2040800)",car_3121,ego car,near_coll
"(116, 2040801)",ego car,car_3121,near_coll
"(116, 2040801)",car_3121,ego car,near_coll
"(118, 2041457)",ego car,car_3055,near_coll
"(118, 2041457)",car_3055,ego car,near_coll
"(118, 2041459)",ego car,car_3055,near_coll
"(118, 2041459)",car_3055,ego car,near_coll
"(118, 2041460)",ego car,car_3055,near_coll
"(118, 2041460)",car_3055,ego car,near_coll
"(118, 2041461)",ego car,car_3055,near_coll
"(118, 2041461)",car_3055,ego car,near_coll
"(118, 2041462)",ego car,car_3055,near_coll
"(118, 2041462)",car_3055,ego car,near_coll
"(118, 2041463)",ego car,car_3055,near_coll
"(118, 2041463)",car_3055,ego car,near_coll
"(118, 2041464)",ego car,car_3055,near_coll
"(118, 2041464)",car_3055,ego car,near_coll
"(118, 2041465)",ego car,car_3055,near_coll
"(118, 2041465)",car_3055,ego car,near_coll
"(118, 2041466)",ego car,car_3055,near_coll
"(118, 2041466)",car_3055,ego car,near_coll
"(118, 2041468)",ego car,car_3055,near_coll
"(118, 2041468)",car_3055,ego car,near_coll
"(118, 2041470)",ego car,car_3055,near_coll
"(118, 2041470)",car_3055,ego car,near_coll
"(118, 2041472)",ego car,car_3055,near_coll
"(118, 2041472)",car_3055,ego car,near_coll
"(118, 2041473)",ego car,car_3055,near_coll
"(118, 2041473)",car_3055,ego car,near_coll
"(118, 2041474)",ego car,car_3055,near_coll
"(118, 2041474)",car_3055,ego car,near_coll
"(118, 2041475)",ego car,car_3055,near_coll
"(118, 2041475)",car_3055,ego car,near_coll
"(118, 2041476)",ego car,car_3055,near_coll
"(118, 2041476)",car_3055,ego car,near_coll
"(118, 2041477)",ego car,car_3055,near_coll
"(118, 2041477)",car_3055,ego car,near_coll
"(118, 2041478)",ego car,car_3055,near_coll
"(118, 2041478)",car_3055,ego car,near_coll
"(118, 2041479)",ego car,car_3055,near_coll
"(118, 2041479)",car_3055,ego car,near_coll
"(118, 2041480)",ego car,car_3055,near_coll
"(118, 2041480)",car_3055,ego car,near_coll
"(118, 2041481)",ego car,car_3055,near_coll
"(118, 2041481)",car_3055,ego car,near_coll
"(118, 2041482)",ego car,car_3055,near_coll
"(118, 2041482)",car_3055,ego car,near_coll
"(118, 2041483)",ego car,car_3055,near_coll
"(118, 2041483)",car_3055,ego car,near_coll
"(118, 2041484)",ego car,car_3055,near_coll
"(118, 2041484)",car_3055,ego car,near_coll
"(118, 2041485)",ego car,car_3055,near_coll
"(118, 2041485)",car_3055,ego car,near_coll
"(118, 2041486)",ego car,car_3055,near_coll
"(118, 2041486)",car_3055,ego car,near_coll
"(118, 2041487)",ego car,car_3055,near_coll
"(118, 2041487)",car_3055,ego car,near_coll
"(118, 2041488)",ego car,car_3055,near_coll
"(118, 2041488)",car_3055,ego car,near_coll
"(118, 2041489)",ego car,car_3055,near_coll
"(118, 2041489)",car_3055,ego car,near_coll
"(118, 2041490)",ego car,car_3055,near_coll
"(118, 2041490)",car_3055,ego car,near_coll
"(118, 2041491)",ego car,car_3055,near_coll
"(118, 2041491)",car_3055,ego car,near_coll
"(118, 2041492)",ego car,car_3055,near_coll
"(118, 2041492)",car_3055,ego car,near_coll
"(118, 2041493)",ego car,car_3055,near_coll
"(118, 2041493)",car_3055,ego car,near_coll
"(118, 2041494)",ego car,car_3055,near_coll
"(118, 2041494)",car_3055,ego car,near_coll
"(118, 2041495)",ego car,car_3055,near_coll
"(118, 2041495)",car_3055,ego car,near_coll
"(118, 2041496)",ego car,car_3055,near_coll
"(118, 2041496)",car_3055,ego car,near_coll
"(118, 2041497)",ego car,car_3055,near_coll
"(118, 2041497)",car_3055,ego car,near_coll
"(118, 2041498)",ego car,car_3055,near_coll
"(118, 2041498)",car_3055,ego car,near_coll
"(118, 2041499)",ego car,car_3055,near_coll
"(118, 2041499)",car_3055,ego car,near_coll
"(118, 2041500)",ego car,car_3055,near_coll
"(118, 2041500)",car_3055,ego car,near_coll
"(118, 2041501)",ego car,car_3055,near_coll
"(118, 2041501)",car_3055,ego car,near_coll
"(118, 2041502)",ego car,car_3055,near_coll
"(118, 2041502)",car_3055,ego car,near_coll
"(118, 2041503)",ego car,car_3055,near_coll
"(118, 2041503)",car_3055,ego car,near_coll
"(118, 2041504)",ego car,car_3055,near_coll
"(118, 2041504)",car_3055,ego car,near_coll
"(118, 2041505)",ego car,car_3055,near_coll
"(118, 2041505)",car_3055,ego car,near_coll
"(118, 2041506)",ego car,car_3055,near_coll
"(118, 2041506)",car_3055,ego car,near_coll
"(118, 2041507)",ego car,car_3055,near_coll
"(118, 2041507)",car_3055,ego car,near_coll
"(118, 2041508)",ego car,car_3055,near_coll
"(118, 2041508)",car_3055,ego car,near_coll
"(118, 2041509)",ego car,car_3055,near_coll
"(118, 2041509)",car_3055,ego car,near_coll
"(118, 2041510)",ego car,car_3055,near_coll
"(118, 2041510)",car_3055,ego car,near_coll
"(118, 2041511)",ego car,car_3055,near_coll
"(118, 2041511)",car_3055,ego car,near_coll
"(118, 2041512)",ego car,car_3055,near_coll
"(118, 2041512)",car_3055,ego car,near_coll
"(118, 2041513)",ego car,car_3055,near_coll
"(118, 2041513)",car_3055,ego car,near_coll
"(118, 2041514)",ego car,car_3055,near_coll
"(118, 2041514)",car_3055,ego car,near_coll
"(118, 2041515)",ego car,car_3055,near_coll
"(118, 2041515)",car_3055,ego car,near_coll
"(118, 2041516)",ego car,car_3055,near_coll
"(118, 2041516)",car_3055,ego car,near_coll
"(120, 649)",ego car,car_279,near_coll
"(120, 649)",car_279,ego car,near_coll
"(120, 651)",ego car,car_279,near_coll
"(120, 651)",car_279,ego car,near_coll
"(120, 652)",ego car,car_279,near_coll
"(120, 652)",car_279,ego car,near_coll
"(124, 1674)",ego car,car_265,near_coll
"(124, 1674)",car_265,ego car,near_coll
"(124, 1676)",ego car,car_265,near_coll
"(124, 1676)",car_265,ego car,near_coll
"(124, 1677)",ego car,car_265,near_coll
"(124, 1677)",car_265,ego car,near_coll
"(124, 1678)",ego car,car_265,near_coll
"(124, 1678)",car_265,ego car,near_coll
"(124, 1679)",ego car,car_265,near_coll
"(124, 1679)",car_265,ego car,near_coll
"(124, 1680)",ego car,car_265,near_coll
"(124, 1680)",car_265,ego car,near_coll
"(124, 1683)",ego car,car_265,near_coll
"(124, 1683)",car_265,ego car,near_coll
"(124, 1684)",ego car,car_265,near_coll
"(124, 1684)",car_265,ego car,near_coll
"(124, 1685)",ego car,car_265,near_coll
"(124, 1685)",car_265,ego car,near_coll
"(124, 1686)",ego car,car_265,near_coll
"(124, 1686)",car_265,ego car,near_coll
"(124, 1687)",ego car,car_265,near_coll
"(124, 1687)",car_265,ego car,near_coll
"(124, 1688)",ego car,car_265,near_coll
"(124, 1688)",car_265,ego car,near_coll
"(124, 1689)",ego car,car_265,near_coll
"(124, 1689)",car_265,ego car,near_coll
"(124, 1690)",ego car,car_265,near_coll
"(124, 1690)",car_265,ego car,near_coll
"(124, 1691)",ego car,car_265,near_coll
"(124, 1691)",car_265,ego car,near_coll
"(124, 1692)",ego car,car_265,near_coll
"(124, 1692)",car_265,ego car,near_coll
"(124, 1693)",ego car,car_265,near_coll
"(124, 1693)",car_265,ego car,near_coll
"(124, 1694)",ego car,car_265,near_coll
"(124, 1694)",car_265,ego car,near_coll
"(124, 1695)",ego car,car_265,near_coll
"(124, 1695)",car_265,ego car,near_coll
"(124, 1696)",ego car,car_265,near_coll
"(124, 1696)",car_265,ego car,near_coll
"(126, 2409)",ego car,car_356,near_coll
"(126, 2409)",car_356,ego car,near_coll
"(126, 2410)",ego car,car_356,near_coll
"(126, 2410)",car_356,ego car,near_coll
"(126, 2411)",ego car,car_356,near_coll
"(126, 2411)",car_356,ego car,near_coll
"(126, 2412)",ego car,car_356,near_coll
"(126, 2412)",car_356,ego car,near_coll
"(126, 2413)",ego car,car_356,near_coll
"(126, 2413)",car_356,ego car,near_coll
"(126, 2414)",ego car,car_356,near_coll
"(126, 2414)",car_356,ego car,near_coll
"(126, 2415)",ego car,car_356,near_coll
"(126, 2415)",car_356,ego car,near_coll
"(126, 2416)",ego car,car_356,near_coll
"(126, 2416)",car_356,ego car,near_coll
"(126, 2417)",ego car,car_356,near_coll
"(126, 2417)",car_356,ego car,near_coll
"(126, 2418)",ego car,car_356,near_coll
"(126, 2418)",car_356,ego car,near_coll
"(126, 2419)",ego car,car_356,near_coll
"(126, 2419)",car_356,ego car,near_coll
"(126, 2420)",ego car,car_356,near_coll
"(126, 2420)",car_356,ego car,near_coll
"(126, 2421)",ego car,car_356,near_coll
"(126, 2421)",car_356,ego car,near_coll
"(126, 2422)",ego car,car_356,near_coll
"(126, 2422)",car_356,ego car,near_coll
"(126, 2423)",ego car,car_356,near_coll
"(126, 2423)",car_356,ego car,near_coll
"(126, 2424)",ego car,car_356,near_coll
"(126, 2424)",car_356,ego car,near_coll
"(126, 2425)",ego car,car_356,near_coll
"(126, 2425)",car_356,ego car,near_coll
"(135, 14275962)",ego car,car_1383,near_coll
"(135, 14275962)",car_1383,ego car,near_coll
"(135, 14275963)",ego car,car_1383,near_coll
"(135, 14275963)",car_1383,ego car,near_coll
"(135, 14275964)",ego car,car_1383,near_coll
"(135, 14275964)",car_1383,ego car,near_coll
"(135, 14275965)",ego car,car_1383,near_coll
"(135, 14275965)",car_1383,ego car,near_coll
"(135, 14275966)",ego car,car_1383,near_coll
"(135, 14275966)",car_1383,ego car,near_coll
"(135, 14275967)",ego car,car_1383,near_coll
"(135, 14275967)",car_1383,ego car,near_coll
"(135, 14275968)",ego car,car_1383,near_coll
"(135, 14275968)",car_1383,ego car,near_coll
"(135, 14275969)",ego car,car_1383,near_coll
"(135, 14275969)",car_1383,ego car,near_coll
"(135, 14275970)",ego car,car_1383,near_coll
"(135, 14275970)",car_1383,ego car,near_coll
"(135, 14275971)",ego car,car_1383,near_coll
"(135, 14275971)",car_1383,ego car,near_coll
"(135, 14275973)",ego car,car_1383,near_coll
"(135, 14275973)",car_1383,ego car,near_coll
"(136, 14276192)",ego car,car_1320,near_coll
"(136, 14276192)",car_1320,ego car,near_coll
"(136, 14276194)",ego car,car_1320,near_coll
"(136, 14276194)",car_1320,ego car,near_coll
"(136, 14276196)",ego car,car_1320,near_coll
"(136, 14276196)",car_1320,ego car,near_coll
"(159, 14297750)",ego car,car_1760,near_coll
"(159, 14297750)",car_1760,ego car,near_coll
"(159, 14297751)",ego car,car_1760,near_coll
"(159, 14297751)",car_1760,ego car,near_coll
"(159, 14297752)",ego car,car_1760,near_coll
"(159, 14297752)",car_1760,ego car,near_coll
"(164, 14396134)",ego car,car_2145,near_coll
"(164, 14396134)",car_2145,ego car,near_coll
"(164, 14396136)",ego car,car_2145,near_coll
"(164, 14396136)",car_2145,ego car,near_coll
"(174, 14406943)",ego car,car_2497,near_coll
"(174, 14406943)",car_2497,ego car,near_coll
"(174, 14406944)",ego car,car_2497,near_coll
"(174, 14406944)",car_2497,ego car,near_coll
"(174, 14406946)",ego car,car_2497,near_coll
"(174, 14406946)",car_2497,ego car,near_coll
"(185, 14408999)",ego car,car_2401,near_coll
"(185, 14408999)",car_2401,ego car,near_coll
"(185, 14409000)",ego car,car_2401,near_coll
"(185, 14409000)",car_2401,ego car,near_coll
"(185, 14409001)",ego car,car_2401,near_coll
"(185, 14409001)",car_2401,ego car,near_coll
"(185, 14409002)",ego car,car_2401,near_coll
"(185, 14409002)",car_2401,ego car,near_coll
"(185, 14409003)",ego car,car_2401,near_coll
"(185, 14409003)",car_2401,ego car,near_coll
"(185, 14409004)",ego car,car_2401,near_coll
"(185, 14409004)",car_2401,ego car,near_coll
"(185, 14409006)",ego car,car_2401,near_coll
"(185, 14409006)",car_2401,ego car,near_coll
"(185, 14409009)",ego car,car_2401,near_coll
"(185, 14409009)",car_2401,ego car,near_coll
"(195, 14696650)",ego car,car_2925,near_coll
"(195, 14696650)",car_2925,ego car,near_coll
"(197, 14815641)",ego car,car_3411,near_coll
"(197, 14815641)",car_3411,ego car,near_coll
"(197, 14815644)",ego car,car_3411,near_coll
"(197, 14815644)",car_3411,ego car,near_coll
"(197, 14815645)",ego car,car_3411,near_coll
"(197, 14815645)",car_3411,ego car,near_coll
"(197, 14815646)",ego car,car_3411,near_coll
"(197, 14815646)",car_3411,ego car,near_coll
"(197, 14815647)",ego car,car_3411,near_coll
"(197, 14815647)",car_3411,ego car,near_coll
"(197, 14815648)",ego car,car_3411,near_coll
"(197, 14815648)",car_3411,ego car,near_coll
"(197, 14815652)",ego car,car_3411,near_coll
"(197, 14815652)",car_3411,ego car,near_coll
"(197, 14815653)",ego car,car_3411,near_coll
"(197, 14815653)",car_3411,ego car,near_coll
"(197, 14815654)",ego car,car_3411,near_coll
"(197, 14815654)",car_3411,ego car,near_coll
"(197, 14815658)",ego car,car_3411,near_coll
"(197, 14815658)",car_3411,ego car,near_coll
"(203, 14698429)",ego car,car_2894,near_coll
"(203, 14698429)",car_2894,ego car,near_coll
"(203, 14698430)",ego car,car_2894,near_coll
"(203, 14698430)",car_2894,ego car,near_coll
"(203, 14698431)",ego car,car_2894,near_coll
"(203, 14698431)",car_2894,ego car,near_coll
"(203, 14698432)",ego car,car_2894,near_coll
"(203, 14698432)",car_2894,ego car,near_coll
"(203, 14698433)",ego car,car_2894,near_coll
"(203, 14698433)",car_2894,ego car,near_coll
"(203, 14698434)",ego car,car_2894,near_coll
"(203, 14698434)",car_2894,ego car,near_coll
"(203, 14698435)",ego car,car_2894,near_coll
"(203, 14698435)",car_2894,ego car,near_coll
"(203, 14698436)",ego car,car_2894,near_coll
"(203, 14698436)",car_2894,ego car,near_coll
"(203, 14698437)",ego car,car_2894,near_coll
"(203, 14698437)",car_2894,ego car,near_coll
"(203, 14698438)",ego car,car_2894,near_coll
"(203, 14698438)",car_2894,ego car,near_coll
"(203, 14698439)",ego car,car_2894,near_coll
"(203, 14698439)",car_2894,ego car,near_coll
"(203, 14698440)",ego car,car_2894,near_coll
"(203, 14698440)",car_2894,ego car,near_coll
"(203, 14698441)",ego car,car_2894,near_coll
"(203, 14698441)",car_2894,ego car,near_coll
"(208, 14700101)",ego car,car_2964,near_coll
"(208, 14700101)",car_2964,ego car,near_coll
"(208, 14700103)",ego car,car_2964,near_coll
"(208, 14700103)",car_2964,ego car,near_coll
"(208, 14700104)",ego car,car_2964,near_coll
"(208, 14700104)",car_2964,ego car,near_coll
"(208, 14700105)",ego car,car_2964,near_coll
"(208, 14700105)",car_2964,ego car,near_coll
"(208, 14700106)",ego car,car_2964,near_coll
"(208, 14700106)",car_2964,ego car,near_coll
"(208, 14700107)",ego car,car_2964,near_coll
"(208, 14700107)",car_2964,ego car,near_coll
"(208, 14700108)",ego car,car_2964,near_coll
"(208, 14700108)",car_2964,ego car,near_coll
"(208, 14700109)",ego car,car_2964,near_coll
"(208, 14700109)",car_2964,ego car,near_coll
"(208, 14700110)",ego car,car_2964,near_coll
"(208, 14700110)",car_2964,ego car,near_coll
"(208, 14700111)",ego car,car_2964,near_coll
"(208, 14700111)",car_2964,ego car,near_coll
"(208, 14700112)",ego car,car_2964,near_coll
"(208, 14700112)",car_2964,ego car,near_coll
"(208, 14700113)",ego car,car_2964,near_coll
"(208, 14700113)",car_2964,ego car,near_coll
"(208, 14700114)",ego car,car_2964,near_coll
"(208, 14700114)",car_2964,ego car,near_coll
"(208, 14700115)",ego car,car_2964,near_coll
"(208, 14700115)",car_2964,ego car,near_coll
"(216, 14812725)",ego car,car_3390,near_coll
"(216, 14812725)",car_3390,ego car,near_coll
"(216, 14812727)",ego car,car_3390,near_coll
"(216, 14812727)",car_3390,ego car,near_coll
"(216, 14812729)",ego car,car_3390,near_coll
"(216, 14812729)",car_3390,ego car,near_coll
"(216, 14812730)",ego car,car_3390,near_coll
"(216, 14812730)",car_3390,ego car,near_coll
"(216, 14812731)",ego car,car_3390,near_coll
"(216, 14812731)",car_3390,ego car,near_coll
"(216, 14812732)",ego car,car_3390,near_coll
"(216, 14812732)",car_3390,ego car,near_coll
"(216, 14812733)",ego car,car_3390,near_coll
"(216, 14812733)",car_3390,ego car,near_coll
"(216, 14812734)",ego car,car_3390,near_coll
"(216, 14812734)",car_3390,ego car,near_coll
"(216, 14812735)",ego car,car_3390,near_coll
"(216, 14812735)",car_3390,ego car,near_coll
"(216, 14812736)",ego car,car_3390,near_coll
"(216, 14812736)",car_3390,ego car,near_coll
"(216, 14812737)",ego car,car_3390,near_coll
"(216, 14812737)",car_3390,ego car,near_coll
"(216, 14812738)",ego car,car_3390,near_coll
"(216, 14812738)",car_3390,ego car,near_coll
"(216, 14812739)",ego car,car_3390,near_coll
"(216, 14812739)",car_3390,ego car,near_coll
"(216, 14812740)",ego car,car_3390,near_coll
"(216, 14812740)",car_3390,ego car,near_coll
"(216, 14812741)",ego car,car_3390,near_coll
"(216, 14812741)",car_3390,ego car,near_coll
"(216, 14812742)",ego car,car_3390,near_coll
"(216, 14812742)",car_3390,ego car,near_coll
"(216, 14812743)",ego car,car_3390,near_coll
"(216, 14812743)",car_3390,ego car,near_coll
"(222, 14814333)",ego car,car_3301,near_coll
"(222, 14814333)",car_3301,ego car,near_coll
"(222, 14814334)",ego car,car_3301,near_coll
"(222, 14814334)",car_3301,ego car,near_coll
"(227, 23657215)",ego car,car_3714,near_coll
"(227, 23657215)",car_3714,ego car,near_coll
"(227, 23657216)",ego car,car_3714,near_coll
"(227, 23657216)",car_3714,ego car,near_coll
"(227, 23657217)",ego car,car_3714,near_coll
"(227, 23657217)",car_3714,ego car,near_coll
"(232, 23658309)",ego car,car_3682,near_coll
"(232, 23658309)",car_3682,ego car,near_coll
"(232, 23658310)",ego car,car_3682,near_coll
"(232, 23658310)",car_3682,ego car,near_coll
"(232, 23658312)",ego car,car_3682,near_coll
"(232, 23658312)",car_3682,ego car,near_coll
"(232, 23658313)",ego car,car_3682,near_coll
"(232, 23658313)",car_3682,ego car,near_coll
"(236, 23659166)",ego car,car_3771,near_coll
"(236, 23659166)",car_3771,ego car,near_coll
"(243, 23661237)",ego car,car_3754,near_coll
"(243, 23661237)",car_3754,ego car,near_coll
"(243, 23661239)",ego car,car_3754,near_coll
"(243, 23661239)",car_3754,ego car,near_coll
"(243, 23661240)",ego car,car_3754,near_coll
"(243, 23661240)",car_3754,ego car,near_coll
"(243, 23661241)",ego car,car_3754,near_coll
"(243, 23661241)",car_3754,ego car,near_coll
"(243, 23661242)",ego car,car_3754,near_coll
"(243, 23661242)",car_3754,ego car,near_coll
"(243, 23661243)",ego car,car_3754,near_coll
"(243, 23661243)",car_3754,ego car,near_coll
"(243, 23661244)",ego car,car_3754,near_coll
"(243, 23661244)",car_3754,ego car,near_coll
"(243, 23661245)",ego car,car_3754,near_coll
"(243, 23661245)",car_3754,ego car,near_coll
"(243, 23661246)",ego car,car_3754,near_coll
"(243, 23661246)",car_3754,ego car,near_coll
"(243, 23661247)",ego car,car_3754,near_coll
"(243, 23661247)",car_3754,ego car,near_coll
"(246, 30416277)",ego car,car_4137,near_coll
"(246, 30416277)",car_4137,ego car,near_coll
"(246, 30416278)",ego car,car_4137,near_coll
"(246, 30416278)",car_4137,ego car,near_coll
"(246, 30416279)",ego car,car_4137,near_coll
"(246, 30416279)",car_4137,ego car,near_coll
"(246, 30416280)",ego car,car_4137,near_coll
"(246, 30416280)",car_4137,ego car,near_coll
"(246, 30416281)",ego car,car_4137,near_coll
"(246, 30416281)",car_4137,ego car,near_coll
"(246, 30416282)",ego car,car_4137,near_coll
"(246, 30416282)",car_4137,ego car,near_coll
"(246, 30416283)",ego car,car_4137,near_coll
"(246, 30416283)",car_4137,ego car,near_coll
"(246, 30416284)",ego car,car_4137,near_coll
"(246, 30416284)",car_4137,ego car,near_coll
"(246, 30416285)",ego car,car_4137,near_coll
"(246, 30416285)",car_4137,ego car,near_coll
"(250, 30416945)",ego car,car_4048,near_coll
"(250, 30416945)",car_4048,ego car,near_coll
"(250, 30416946)",ego car,car_4048,near_coll
"(250, 30416946)",car_4048,ego car,near_coll
"(250, 30416947)",ego car,car_4048,near_coll
"(250, 30416947)",car_4048,ego car,near_coll
"(250, 30416948)",ego car,car_4048,near_coll
"(250, 30416948)",car_4048,ego car,near_coll
"(250, 30416949)",ego car,car_4048,near_coll
"(250, 30416949)",car_4048,ego car,near_coll
"(250, 30416950)",ego car,car_4048,near_coll
"(250, 30416950)",car_4048,ego car,near_coll
"(250, 30416951)",ego car,car_4048,near_coll
"(250, 30416951)",car_4048,ego car,near_coll
"(250, 30416952)",ego car,car_4048,near_coll
"(250, 30416952)",car_4048,ego car,near_coll
"(250, 30416953)",ego car,car_4048,near_coll
"(250, 30416953)",car_4048,ego car,near_coll
"(250, 30416954)",ego car,car_4048,near_coll
"(250, 30416954)",car_4048,ego car,near_coll
"(250, 30416955)",ego car,car_4048,near_coll
"(250, 30416955)",car_4048,ego car,near_coll
"(250, 30416956)",ego car,car_4048,near_coll
"(250, 30416956)",car_4048,ego car,near_coll
"(250, 30416957)",ego car,car_4048,near_coll
"(250, 30416957)",car_4048,ego car,near_coll
"(250, 30416958)",ego car,car_4048,near_coll
"(250, 30416958)",car_4048,ego car,near_coll
"(250, 30416959)",ego car,car_4048,near_coll
"(250, 30416959)",car_4048,ego car,near_coll
"(250, 30416960)",ego car,car_4048,near_coll
"(250, 30416960)",car_4048,ego car,near_coll
"(250, 30416961)",ego car,car_4048,near_coll
"(250, 30416961)",car_4048,ego car,near_coll
"(250, 30416962)",ego car,car_4048,near_coll
"(250, 30416962)",car_4048,ego car,near_coll
"(250, 30416963)",ego car,car_4048,near_coll
"(250, 30416963)",car_4048,ego car,near_coll
"(250, 30416964)",ego car,car_4048,near_coll
"(250, 30416964)",car_4048,ego car,near_coll
"(250, 30416965)",ego car,car_4048,near_coll
"(250, 30416965)",car_4048,ego car,near_coll
"(250, 30416966)",ego car,car_4048,near_coll
"(250, 30416966)",car_4048,ego car,near_coll
"(250, 30416967)",ego car,car_4048,near_coll
"(250, 30416967)",car_4048,ego car,near_coll
"(250, 30416968)",ego car,car_4048,near_coll
"(250, 30416968)",car_4048,ego car,near_coll
"(250, 30416969)",ego car,car_4048,near_coll
"(250, 30416969)",car_4048,ego car,near_coll
"(250, 30416970)",ego car,car_4048,near_coll
"(250, 30416970)",car_4048,ego car,near_coll
"(250, 30416971)",ego car,car_4048,near_coll
"(250, 30416971)",car_4048,ego car,near_coll
"(250, 30416972)",ego car,car_4048,near_coll
"(250, 30416972)",car_4048,ego car,near_coll
"(250, 30416973)",ego car,car_4048,near_coll
"(250, 30416973)",car_4048,ego car,near_coll
"(250, 30416974)",ego car,car_4048,near_coll
"(250, 30416974)",car_4048,ego car,near_coll
"(250, 30416975)",ego car,car_4048,near_coll
"(250, 30416975)",car_4048,ego car,near_coll
"(250, 30416976)",ego car,car_4048,near_coll
"(250, 30416976)",car_4048,ego car,near_coll
"(250, 30416977)",ego car,car_4048,near_coll
"(250, 30416977)",car_4048,ego car,near_coll
"(250, 30416979)",ego car,car_4048,near_coll
"(250, 30416979)",car_4048,ego car,near_coll
"(262, 30420028)",ego car,car_4116,near_coll
"(262, 30420028)",car_4116,ego car,near_coll
"(262, 30420029)",ego car,car_4116,near_coll
"(262, 30420029)",car_4116,ego car,near_coll
"(262, 30420030)",ego car,car_4116,near_coll
"(262, 30420030)",car_4116,ego car,near_coll
"(262, 30420031)",ego car,car_4116,near_coll
"(262, 30420031)",car_4116,ego car,near_coll
"(262, 30420032)",ego car,car_4116,near_coll
"(262, 30420032)",car_4116,ego car,near_coll
"(262, 30420033)",ego car,car_4116,near_coll
"(262, 30420033)",car_4116,ego car,near_coll
